Wall time,Step,Value
1638460512.43343,1,0.08929687738418579
1638460677.465761,2,0.08736979216337204
1638460848.613102,3,0.09125000238418579
1638461013.407202,4,0.08833333104848862
1638461174.370315,5,0.08960937708616257
